0,9.0078018207,10.7043760669,-0.7067528011,2.9265332713,22964.5032009,2030260.23175,0,0,0.2498948005,0.0101586288,0.0001031977,0.22565351,0.27832595,0.0176078333,0.1922400957,5.10828805045773E-07,1.29340647876872E-05,0.1654739743,-0.046037477,0.010107708
0,9.9836751626,10.0164563196,9.9510587939,0.0143601408,25516.5378473,2043635.66319,0.0110193128,0.4444444444,0.248051263,0.0104288607,0.0001087611,0.21787235,0.27593175,0.0145411071,0.1903294226,5.38367620384565E-07,0.000013751,-0.0336092587,-0.0007566405,0.0103765854
0,9.9802053066,10.0164563196,9.9474673688,0.0140149849,25498.8017618,2039851.80371,0.0092116903,0.3737373737,0.2455433372,0.0099975289,9.99505834114365E-05,0.21787235,0.27114335,0.0297727146,0.2186919673,4.9475538788661E-07,1.53044687383918E-05,0.0932568757,-0.2156749208,0.0099474156
0,9.9731884705,9.9971141141,9.9453997306,0.0119703905,25462.9456788,2035689.59935,0.0083677325,0.3535353535,0.2460640755,0.0093857741,8.80927561069604E-05,0.22146365,0.2693477,0.0291383434,0.2089684152,4.36059142729454E-07,1.33160712469299E-05,-0.1900682425,-0.4486780372,0.0093387274
0,9.972730469,10.0120005429,9.9453997306,0.0128403459,25460.6125775,2037856.38403,0.010606314,0.3737373737,0.2469978153,0.0121716324,0.0001481486,0.21547815,0.2765303,0.0188200474,0.2548994449,7.33335749431785E-07,2.73245177293874E-05,-0.1127927016,0.1153188288,0.0121106214
0,9.9723515734,10.0120005429,9.9394994297,0.0128949482,25458.6783187,2036436.56909,0.0116657478,0.4343434343,0.2469020502,0.0129014505,0.0001664474,0.21547815,0.2765303,0.015188295,0.2976959858,8.2391474804531E-07,3.33322382514323E-05,0.1437524281,-0.1655132413,0.0128367811
0,9.9715998509,9.9940208535,9.9394994297,0.0117954697,25454.8333362,2035631.53026,0.0106362402,0.4242424242,0.2485001788,0.0106980859,0.000114449,0.22565351,0.2753332,0.0134948542,0.2129654298,5.66522757280783E-07,1.68643243904016E-05,0.0972456772,-0.3141314668,0.0106444611
0,9.9747054509,10.0154560879,9.9300481264,0.0162880776,25470.7236184,2038750.23116,0.0105045591,0.3333333333,0.2460999895,0.0134688213,0.0001814091,0.20649989,0.27952304,0.0360903554,0.2524805611,0.000000898,3.23047804238507E-05,-0.4740362027,0.5666881292,0.013401308
0,9.9855071193,10.083473645,9.9277015725,0.0294704906,25526.0725603,2041039.94288,0.0110671977,0.3333333333,0.2437237438,0.0152013423,0.0002310808,0.20649989,0.27952304,0.003287415,0.2897797243,1.14384999359756E-06,4.66296890211399E-05,-0.427533345,-0.1171462721,0.0151251446
0,9.9900829384,10.083473645,9.9277015725,0.0254194328,25549.4152355,2045069.31143,0.0137726482,0.3535353535,0.2449627443,0.0165640742,0.0002743686,0.20470424,0.27832595,0.0071286559,0.3899736925,1.35812433598278E-06,7.31887666538576E-05,-0.4116404529,-0.1830199344,0.0164810457
0,9.9899916271,10.0232453985,9.9612304373,0.012544525,25548.8230589,2042459.16229,0.014933836,0.2828282828,0.2455253831,0.0181108299,0.0003280022,0.20290859,0.27832595,0.0136254699,0.3204851651,1.62361068694602E-06,6.83542674066899E-05,-0.2505190048,-0.5236638833,0.0180200482
0,9.9950514492,10.0253116173,9.9612304373,0.0129930659,25574.7129069,2047151.82071,0.0118572852,0.303030303,0.244364195,0.0154691627,0.000239295,0.20290859,0.27712885,0.0070137973,0.2992651234,1.18451021954972E-06,0.000050916,-0.1430280006,-0.311707135,0.0153916225
0,9.9948880506,10.038742071,9.9118914275,0.019722705,25573.933089,2045643.68224,0.0099658647,0.3838383838,0.2438913397,0.0122348649,0.0001496919,0.21068975,0.27234045,0.0118993589,0.2420349944,0.000000741,2.61267954865232E-05,-0.3564048776,-0.0095709693,0.0121735369
0,9.9900293734,10.1941469221,9.867695358,0.0467078535,25549.5343374,2047958.71203,0.0120069216,0.3636363636,0.2441008319,0.0151588325,0.0002297902,0.20590134,0.29029694,0.0126273697,0.3072604859,1.13746150602245E-06,4.76973187280661E-05,-0.0403250217,0.5572866629,0.0150828479
0,9.9813795696,10.1941469221,9.867695358,0.0510584951,25505.4195409,2037884.92617,0.0148560233,0.303030303,0.2427840217,0.0185416566,0.000343793,0.20350714,0.29029694,0.0182619248,0.3100368867,1.70177548812235E-06,7.53066240053006E-05,0.0795915262,-0.2625807674,0.0184487153
0,9.9748843328,10.0662860572,9.8425882485,0.0460766146,25472.1127697,2029485.20212,0.0134314724,0.3232323232,0.2417485286,0.0165129316,0.0002726769,0.20350714,0.2885013,0.0092668448,0.2659027923,1.34975069840533E-06,4.87331621162507E-05,0.0606703699,-0.4499400199,0.0164301595
0,9.9663163573,10.0662860572,9.8425882485,0.0439837797,25428.3254546,2039589.97722,0.0138684136,0.3131313131,0.2424727747,0.0182821585,0.0003342373,0.20350714,0.28191724,0.0127235413,0.2995694307,1.65447473693372E-06,6.83995977688913E-05,-0.0783399123,-0.6530264262,0.0181905181
0,10.0077509427,10.2579305423,9.8750693964,0.0782682954,25641.2684436,2041500.04082,0.0171783969,0.3131313131,0.2434364421,0.0222431832,0.0004947592,0.1945289,0.29269117,0.0067358902,0.3788675392,2.44905804534863E-06,0.0001247159,-0.0842168137,-0.5682205431,0.0221316879
0,10.1158579177,10.2579305423,9.98065933,0.086853481,26198.5599844,2105745.88318,0.0151433253,0.3434343434,0.2421734994,0.0190127152,0.0003614833,0.1945289,0.29269117,0.0165405344,0.3289411861,1.78934253492831E-06,8.4613890930045E-05,0.1529117338,0.3659537932,0.0189174128
0,10.120916691,10.253763961,9.9839702316,0.0686186849,26224.0417765,2104990.48229,0.0178068762,0.3232323232,0.2418263406,0.022851107,0.0005221731,0.18794483,0.29328972,0.0085818241,0.4789781536,2.58475679732888E-06,0.0001656491,0.0502203103,-0.4379769706,0.0227365644
0,9.9947443035,10.1388693526,9.8662647364,0.0823064469,25574.8321393,2043869.21862,0.0197880785,0.2929292929,0.244214557,0.0252440559,0.0006372624,0.18794483,0.30585927,0.0159198971,0.429233249,3.15444868477259E-06,0.0001963043,-0.058226665,-0.6398420325,0.0251175185
0,9.8998172073,10.0296594573,9.7269658411,0.0513202481,25090.3077135,2002766.97609,0.013599066,0.3131313131,0.2444839039,0.0172923588,0.0002990257,0.19812019,0.30585927,0.0171528127,0.3616765626,1.48017708835967E-06,7.21578114312771E-05,0.2217702308,1.0977714345,0.0172056798
0,9.8310810598,10.0232431733,9.7227413404,0.0720128633,24743.767208,1988850.02601,0.0149517889,0.3434343434,0.2437776158,0.0192801769,0.0003717252,0.19153613,0.29029694,0.0098074849,0.3763422169,0.00000184,9.38746964555642E-05,0.028100283,0.0158421462,0.0191835338
0,9.8136797641,9.9255424042,9.7227413404,0.0609346543,24655.8780273,1956518.74275,0.0153468321,0.3333333333,0.2428199344,0.0200437692,0.0004017527,0.19153613,0.29029694,0.0042401646,0.4593891969,1.98867577998594E-06,0.0001225506,0.0392618219,-0.278144135,0.0199432985
0,9.8503848168,9.942635709,9.7432225252,0.0506865085,24840.358441,2002283.09067,0.0099239644,0.3232323232,0.2429157003,0.0119863297,0.0001436721,0.2088941,0.2705448,0.0141992076,0.2684200079,7.11176897493675E-07,2.55006433980706E-05,-0.3999782,0.0879815841,0.0119262475
0,9.8839257824,10.0000344707,9.7678459885,0.0676230755,25010.3198085,1980905.24378,0.0090081816,0.3838383838,0.2434543967,0.0089766898,0.000080581,0.2208651,0.2633622,0.0151424691,0.1890218801,3.9887575167055E-07,1.07296149535676E-05,-0.0200314026,-0.3630697592,0.0089316936
0,10.274479236,15.6145380867,8.8462938756,1.1484719803,27362.2813338,2086674.67812,0.0098700928,0.4545454545,0.2434723526,0.0090294397,8.15307808673406E-05,0.2208651,0.2621651,0.017005433,0.1764697315,4.03577365293336E-07,9.95131930573574E-06,-0.0703806974,-0.6624547716,0.008984179
0,10.308966234,15.6145380867,8.8462938756,1.1491743974,27544.4189722,2256600.59883,0.0103249926,0.4242424242,0.243496295,0.0103096842,0.0001062896,0.22026655,0.2693477,0.0096880085,0.2030597078,5.26133467143775E-07,1.40205207980274E-05,0.0446184244,-0.5036348397,0.0102580063
0,10.0095622981,10.5106946781,9.4063072168,0.1769682844,25656.9997241,2057041.17838,0.0105105432,0.4242424242,0.2432927891,0.0101788967,0.0001036099,0.22026655,0.2693477,0.0145736644,0.2173622243,5.12869196277741E-07,1.50045849540904E-05,-0.0282890416,-0.1366996915,0.0101278744
0,10.0138094407,10.1415684213,9.8848532233,0.0550600897,25671.5292487,2047442.21201,0.0090440928,0.4242424242,0.2441307594,0.0082748208,6.84726591988764E-05,0.22325931,0.26755205,0.0182029556,0.1880530783,3.38939663034438E-07,8.78427677354939E-06,0.0147478407,0.279723348,0.0082333427
0,9.9747734246,10.0831851535,9.9214139871,0.0353018015,25471.3218788,2041602.67208,0.0092954866,0.3939393939,0.2449926723,0.0102013543,0.0001040676,0.21068975,0.27114335,0.0156636316,0.2155186197,5.1513476156209E-07,1.5456468861171E-05,0.003411816,0.3019383451,0.0101502193
0,9.9590338071,10.0831851535,9.9214139871,0.0291964534,25390.9009419,2028027.22915,0.0099718494,0.3737373737,0.2443761649,0.0111346822,0.0001239811,0.21068975,0.27114335,0.0208495256,0.2430606485,6.13706676958985E-07,2.08682997155134E-05,-0.2274684347,-0.0239477881,0.0110788689
0,9.9599836982,10.0166906598,9.9206486149,0.0183989539,25395.6131304,2029192.00694,0.0119350951,0.3535353535,0.2431192089,0.0131662896,0.0001733512,0.20410569,0.2789245,0.0134737591,0.2267016405,8.58088350719729E-07,2.70744893690179E-05,-0.2656894828,0.2986213667,0.0131002928
0,9.9741443779,10.0978094309,9.913121564,0.0306866252,25468.0314213,2039345.58976,0.0154725291,0.3232323232,0.2437596578,0.0183171353,0.0003355174,0.20111294,0.29029694,0.0068424535,0.3616259719,1.66081136436502E-06,8.0043772648825E-05,-0.084077041,-0.1835936287,0.0182253196
0,9.9892963589,10.0978094309,9.913121564,0.0292490648,25545.4456971,2042516.69956,0.0134673848,0.3333333333,0.2438973241,0.017260951,0.0002979404,0.20111294,0.29029694,0.008367889,0.3594119016,1.47480513081601E-06,0.000075812,-0.0345271654,0.0103297364,0.0171744294
0,9.9907115614,10.0563109078,9.9399812473,0.0212537296,25552.5809212,2048821.05704,0.0116896916,0.3333333333,0.2430653405,0.0144082487,0.0002075976,0.2124854,0.2717419,0.0033863784,0.306425686,1.02760826569735E-06,4.49280528540353E-05,0.0657522013,-0.857622651,0.0143360264
0,9.9802542504,10.0395815017,9.9399812473,0.018176281,25499.0861514,2036726.21865,0.0109295318,0.3333333333,0.2436100204,0.0131747041,0.0001735728,0.2124854,0.2717419,0.0127402315,0.311426759,8.59185497011819E-07,3.66140952829228E-05,0.0384243627,-0.7272505601,0.0131086651
0,9.9778981612,10.0128987191,9.9500187469,0.0132220185,25487.0083932,2040971.68653,0.0092715453,0.3737373737,0.2445258011,0.0100418074,0.0001008379,0.21787235,0.2669535,0.0098747082,0.205540421,4.99147582939389E-07,1.46924192362551E-05,-0.0266479525,-0.730082575,0.0099914722
0,9.9733382249,10.0128987191,9.9291097719,0.0172216113,25463.7496148,2036063.22235,0.0118872127,0.3636363636,0.2450824552,0.0142268538,0.0002024034,0.21068975,0.27593175,0.0080126588,0.2786087432,1.00189667875207E-06,3.80068127932496E-05,-0.1069224755,-0.2926770843,0.0141555408
0,9.9765017154,10.0270078247,9.9291097719,0.0221741879,25479.9560118,2037633.85497,0.0130723431,0.3333333333,0.2449986581,0.0160436346,0.0002573982,0.21068975,0.28072014,0.0070851391,0.3113625834,1.27412115224326E-06,5.25871357196886E-05,0.0716865907,-0.5454921875,0.0159632149
0,9.9912455324,10.0314180506,9.941429191,0.0198853175,25555.2979747,2046435.79885,0.0097862985,0.3535353535,0.2445976285,0.0121591833,0.0001478457,0.21906945,0.28072014,0.0160098145,0.2890250778,7.31836407541974E-07,2.94545535555301E-05,0.3847168599,0.3988973903,0.0120982346
0,9.9907896036,10.0314180506,9.9539302192,0.0167082146,25552.9359535,2044354.92011,0.0096306752,0.3838383838,0.2457348756,0.0117606887,0.0001383138,0.22266077,0.27712885,0.0118884567,0.267503477,6.84653307467223E-07,2.61032895994122E-05,0.130409812,-0.3212184689,0.0117017375
0,9.9915388004,10.034931048,9.9583702882,0.0164839896,25556.7665464,2042003.94095,0.0123600663,0.3535353535,0.2472791358,0.0139673834,0.0001950878,0.21428105,0.27712885,0.0057223127,0.3413748423,9.65684606932771E-07,4.70773795980063E-05,0.0477924346,-0.5483611154,0.013897371
0,10.0199048211,10.1171257547,9.9674041221,0.0314150683,25702.26676,2056011.97897,0.0125336468,0.3737373737,0.2480153516,0.0137071289,0.0001878854,0.21428105,0.28311434,0.0082437974,0.297244984,0.00000093,3.88521940448052E-05,0.186327075,-0.2394365819,0.013638421
0,10.0294721479,10.1171257547,9.9165867441,0.0381392741,25751.4921396,2069227.03795,0.0131202274,0.3434343434,0.2471534404,0.0150462862,0.0002263907,0.20829555,0.28311434,0.006529381,0.2962409185,1.1206341127777E-06,0.000047754,-0.0195591669,-0.4061555572,0.0149708658
0,9.9795694071,10.1100649252,9.7777750702,0.0585954898,25496.3811794,2031727.60037,0.0130364298,0.3232323232,0.246052108,0.0154937213,0.0002400554,0.20829555,0.2789245,0.0084782331,0.3230932022,1.18827422833917E-06,5.4430831937692E-05,-0.1058602727,-0.7450278549,0.015416058
1,9.0000543217,10.7175145243,-0.707862447,2.923933251,22924.8930434,2030260.23175,0.0117196177,0.3636363636,0.2446514985,0.0147842377,0.0002185737,0.207697,0.2801216,0.0100751414,0.2909560027,1.08193973836386E-06,4.32435262159974E-05,-0.1033475703,-0.2896494604,0.0147101308
1,9.9703812029,10.0572516743,9.9046970468,0.0258949287,25448.7480006,2043635.66319,0.0112527471,0.404040404,0.2442025855,0.0140898728,0.0001985245,0.207697,0.2801216,0.009850065,0.2614217842,9.82696349561374E-07,3.57920656203811E-05,-0.1277031498,0.1001252204,0.0140192464
1,9.9667512069,10.0183269114,9.929405324,0.0162361735,25430.1166676,2039851.80371,0.0107499645,0.4343434343,0.2461478736,0.0117075648,0.0001370671,0.21906945,0.2765303,0.0147184912,0.2631541313,6.78482018854996E-07,2.55218264384937E-05,-0.1648125383,0.1400721578,0.0116488799
1,9.9664091111,9.9991628928,9.9367060676,0.0137553238,25428.3519434,2035689.59935,0.0102352124,0.3939393939,0.2463094821,0.010203767,0.0001041169,0.21906945,0.2741361,0.0196269495,0.2377558033,5.15378463840172E-07,1.74713684803684E-05,0.0186112533,0.0085835244,0.01015262
1,9.9699691336,9.997516014,9.9329290459,0.0128580286,25446.5151624,2037856.38403,0.009696516,0.4242424242,0.2450166144,0.0103372655,0.0001068591,0.2100912,0.272939,0.014371806,0.2082101195,0.000000529,0.000015724,0.0673606307,1.0838095803,0.0102854493
1,9.9714445329,10.038003577,9.9329290459,0.0172399552,25454.0808418,2036436.56909,0.0106841241,0.4242424242,0.2447652236,0.0122581504,0.0001502623,0.2100912,0.27952304,0.0068583701,0.2487313381,7.43798141610945E-07,0.000025167,-0.0573669227,0.8922704989,0.0121967056
1,9.9709608648,10.038003577,9.9359655819,0.0175802731,25451.6146261,2035631.53026,0.0103788643,0.3737373737,0.2459802799,0.0118860391,0.0001412779,0.2100912,0.27952304,0.0079860892,0.2318889676,6.99325726294066E-07,2.22558743191573E-05,-0.1414558113,0.3908676606,0.0118264595
1,9.9685757271,10.000394632,9.944337524,0.0120514903,25439.3977001,2038750.23116,0.0092356315,0.4343434343,0.2468242354,0.0097266532,9.46077826505018E-05,0.22385786,0.2717419,0.0114939553,0.1966552665,4.68308524119985E-07,1.33035893719286E-05,-0.0462887667,-0.2423251331,0.0096778977
1,9.9659007827,9.9979331969,9.9288338896,0.0126126877,25425.7503975,2041039.94288,0.0105644161,0.3838383838,0.2466566421,0.0112674733,0.000126956,0.21906945,0.27234045,0.0074019161,0.3067140262,6.28431972423243E-07,2.52508356419002E-05,0.0107280055,-0.414612479,0.0112109944
1,9.9640719761,10.0017077828,9.9288338896,0.0159549203,25416.4441355,2045069.31143,0.0102711263,0.3333333333,0.2458665558,0.011333045,0.0001284379,0.21906945,0.27234045,0.0122264834,0.2908318458,6.35767653040153E-07,2.53108695405827E-05,0.0811743001,-0.3678733285,0.0112762374
1,9.9644989956,10.0017077828,9.9294555391,0.0145469976,25418.6116734,2042459.16229,0.0096905309,0.3636363636,0.245525382,0.0109656714,0.0001202459,0.21308395,0.27114335,0.0169635071,0.2931486148,5.95217448975729E-07,2.38607289959751E-05,0.0076126564,0.1468578632,0.0109107053
1,9.9666089391,10.0417434718,9.9182361945,0.0186432117,25429.4121764,2047151.82071,0.010630256,0.3636363636,0.2452021643,0.0113561288,0.0001289617,0.21308395,0.27114335,0.0126287969,0.2591135681,6.38360218618353E-07,0.000023103,-0.1975775847,0.0562973555,0.0112992054
1,9.9666880234,10.0417434718,9.9182361945,0.0200355389,25429.8295239,2045643.68224,0.0094391391,0.4242424242,0.2440170338,0.0093724169,8.78421978484197E-05,0.2172738,0.26276365,0.0170320988,0.2331982475,4.34818879349678E-07,1.383346713436E-05,-0.3282671674,-0.0283548606,0.009325437
1,9.9685786923,10.015186187,9.922694793,0.0191331977,25439.4693695,2047958.71203,0.0040641564,0.2323232323,0.2436339616,0.0077297342,5.97487908156627E-05,0.22804771,0.25737667,0.012049615,0.1829602431,5.85538149993494E-07,0.000009735,-0.075989207,-0.8533741632,0.0076520465
1,10.0372839835,10.419464469,9.9270081274,0.0989262634,25793.7551799,2037884.92617,0,0,5.6520937208,3.3777464123,11.4091708257,-0.97862995,10.955269,0.3773185089,0.3545867314,0.0564753956,4.5145370631,-0.1234835682,-1.4933916356,3.3608152459
1,11.0281680964,12.6592759563,9.9829803722,0.9712435868,31376.3342508,2029485.20212,0.433500149,0.0707070707,8.76828492,1.2513031701,1.5657596235,6.6480994,12.753314,0.02155703,0.3594771042,0.0077505101,0.3837181673,0.544944966,0.1218539133,1.2450309343
1,11.3439766693,12.6592759563,9.7749002415,0.8138037551,33113.1093056,2039589.97722,0.494779712,0.101010101,8.623501567,1.4584166115,2.1269790127,6.6044054,12.753314,0.0401979604,0.3945823178,0.0105285461,0.6096308267,0.8162142513,0.1127216042,1.4511062065
1,9.7245709261,12.0839760652,7.2787000778,1.2395909642,24602.5895565,2041500.04082,0.507055945,0.1111111111,8.649167377,1.5009849815,2.2529559146,6.6044054,12.253524,0.0382088751,0.3937238505,0.0111521318,0.6430623545,0.6504737486,-0.5429608989,1.4934611998
1,8.2028514632,9.756917704,6.759134591,0.947322024,17455.1529328,2105745.88318,0.444040592,0.0909090909,8.754931209,1.4196085534,2.0152884449,6.4906807,11.865664,0.0603371971,0.4317664965,0.0099756778,0.617371183,0.2525648208,-0.9686160364,1.4124926763
1,8.4884449251,9.5242781638,6.759134591,0.9846402393,18693.9426938,2104990.48229,0.402567082,0.0808080808,8.615756246,1.3438888183,1.806037156,6.4906807,11.376049,0.0755099811,0.415573997,0.0089398839,0.5460212416,0.2053218603,-1.032422676,1.3371524911
1,9.4231576275,9.9452246295,8.8473989091,0.2403575097,22746.5398799,2043869.21862,0.449487418,0.1212121212,8.681273616,1.2787835596,1.6352873923,6.330868,11.477803,0.0393064407,0.3220905468,0.0080946726,0.3809221731,0.1758004703,-0.8760124096,1.2723735766
1,14.2990562383,80.3998751917,4.2123247682,14.5409251142,106470.787196,2002766.97609,0.436750264,0.1212121212,8.591215746,1.3700882697,1.8771418669,6.330868,12.061988,0.0357131343,0.2959208954,0.0092918522,0.4068867781,0.41888566,-0.6217965544,1.3632206161
1,14.8494861086,80.3998751917,4.2123247682,14.4376954769,109812.297824,1988850.02601,0.439533509,0.1111111111,8.497428846,1.2779303885,1.6331060777,6.3889275,12.061988,0.0266863702,0.3188921863,0.0080838751,0.375098536,0.4672207316,-0.3733780937,1.271524682
1,10.310837079,21.032946499,8.9341480223,1.4448642416,27750.6544505,1956518.74275,0.478080169,0.1111111111,8.494633601,1.2959192195,1.6794066234,6.0800753,10.99597,0.0498117018,0.3074355145,0.0083130628,0.3714725211,-0.0445240512,-1.0013469342,1.2894233429
1,10.0105700608,10.278289557,9.626091313,0.1187933635,25657.7599504,2002283.09067,0.537390579,0.101010101,8.342697561,1.4903201094,2.2210540284,5.474941,10.99597,0.0635428887,0.3499507093,0.0109942174,0.5720891092,-0.0312604672,-1.1754310149,1.4828497861
1,10.4728274017,11.7488266488,9.9384919683,0.6223204548,28177.2535125,1980905.24378,0.501926508,0.1212121212,8.495262069,1.4690087179,2.1579866134,5.474941,11.589732,0.0446924581,0.3899172794,0.0106820337,0.5756179487,-0.0507521066,-0.8854128413,1.4616452193
1,10.7496628425,11.7488266488,9.9147233866,0.5548593525,29660.9587529,2086674.67812,0.436325358,0.1111111111,8.553255616,1.455208498,2.1176317725,5.9543796,11.589732,0.0210248075,0.3763546498,0.0104822773,0.6084235358,0.058330658,-1.0375979162,1.4479141738
1,10.100285947,11.3321163273,9.3058099671,0.589889629,26205.1189723,2256600.59883,0.390051339,0.0909090909,8.146127589,1.2815371621,1.6423374978,5.9543796,11.314399,0.0656564267,0.3707233411,0.0081295706,0.4449596485,0.3253932718,-0.8166963459,1.2751133764
1,9.5178032485,9.9010884307,9.2940348252,0.1331378949,23195.2139202,2057041.17838,0.40436266,0.1111111111,8.243146642,1.1785016842,1.3888662197,6.4344172,11.03308,0.0916173172,0.368259492,0.0068748878,0.3781852242,0.297067221,-0.9160467882,1.1725943704
1,9.6243453147,9.9392749899,9.2940348252,0.1900457865,23722.0198752,2047442.21201,0.427197403,0.1212121212,8.299422369,1.2460689503,1.5526878288,6.167464,11.264719,0.0550446646,0.3698100337,0.0076858048,0.4051445179,0.3013771051,-0.9070213183,1.2398229513
1,9.4510474689,9.9392749899,8.0691627828,0.531636304,22938.8634672,2041602.67208,0.475674072,0.1414141414,8.283913877,1.3383875574,1.7912812539,5.7377043,11.299435,0.0609568696,0.3311311976,0.0088668422,0.4238027752,0.2692039971,-0.6906624443,1.3316788056
1,8.4636401126,9.8295212562,7.67843717,0.7570862808,18484.8341997,2028027.22915,0.442508394,0.1111111111,8.422825423,1.3115412217,1.7201403762,5.7377043,11.299435,0.0307923841,0.3285683968,0.0085146949,0.4074158177,-0.0357245747,-0.7237887333,1.3049670388
1,12.9584626855,114.273101239,1.8323951633,19.1305958855,136678.772251,2029192.00694,0.411808645,0.101010101,8.48388953,1.1614126083,1.3488792468,6.123171,10.821193,-0.0076479403,0.3099048776,0.0066769523,0.3027993818,-0.2777178621,-0.8455186719,1.1555909546
1,16.1050133761,114.273101239,1.8323951633,18.9660977295,158485.585646,2039345.58976,0.457681496,0.1212121212,8.75423689,1.2663036171,1.6035248506,6.245275,11.361684,0.0683068725,0.3244248155,0.007937448,0.381845496,-0.1060235993,-0.726008515,1.2599561906
1,12.1818606607,34.3148009492,8.3929669593,4.4614690639,43085.4234536,2042516.69956,0.428394479,0.0909090909,8.59091648,1.4416927765,2.0784780617,6.0202203,11.361684,0.0383549409,0.3730368129,0.0102884664,0.5351641325,-0.0430927297,-1.0614589923,1.4344662007
1,10.2112318349,10.5367915142,9.8982336568,0.126794605,26697.0451094,2048821.05704,0.49249325,0.0707070707,8.452896688,1.677539533,2.8141388846,6.0202203,12.5982895,0.0407854536,0.3833745662,0.0139299875,0.7891296026,0.225920695,-0.9763848542,1.6691307605
1,10.1281941484,11.1995695474,9.8782943823,0.185190349,26269.3407165,2036726.21865,0.527957358,0.0808080808,8.579897121,1.7047539464,2.9061860179,6.0441623,12.5982895,0.0401758551,0.4158314338,0.0143856208,0.87799241,0.1329806353,-1.0465079525,1.6962087601
1,10.5470996722,11.5600232159,9.8782943823,0.5520321907,28555.7890651,2040971.68653,0.46607324,0.101010101,8.455895409,1.4732113105,2.1703515654,5.8107276,11.562199,0.0419696918,0.3718963464,0.0107432402,0.5962540883,0.0041937609,-0.9827871493,1.4658267461
1,10.5978265097,11.5600232159,9.8841332034,0.5012222662,28816.6785252,2036063.22235,0.528855238,0.1717171717,8.565244568,1.3225521811,1.7491442716,5.8107276,11.885416,0.0492711951,0.2762655711,0.0086582641,0.3559988049,0.0209258435,-0.3142577742,1.3159228051
1,9.8334080886,10.4421684835,9.0512617616,0.4215377226,24799.6438244,2037633.85497,0.52986081,0.1717171717,8.543373558,1.3024159069,1.6962871945,5.993285,11.885416,0.0329743008,0.3002059569,0.0083966216,0.3389583093,0.0110719256,-0.3796154228,1.2958874652
1,9.262953052,9.9014140815,8.6152976578,0.321704137,21991.8829558,2046435.79885,0.480324708,0.1111111111,8.277329875,1.3111323784,1.7190681138,5.993285,11.374253,0.0476602431,0.2943751778,0.0085093872,0.3815477605,0.1569992552,-0.6404847608,1.3045602449
1,8.7829477397,9.2853624532,8.3634398954,0.3041750575,19771.5695268,2044354.92011,0.540311476,0.1111111111,8.519317847,1.38241206,1.9110631036,6.002862,12.23078,0.028646858,0.2912651503,0.0094597624,0.4024084198,0.3137096644,-0.4884781943,1.3754826326
1,8.2824695002,9.7516071459,3.7490858738,0.5913318351,17650.9374364,2042003.94095,0.51228137,0.0808080808,8.628888515,1.5145916752,2.2939879427,5.815516,12.23078,0.028458345,0.3293526575,0.0113552403,0.5465465288,0.228526902,-0.8612161335,1.5069996892
1,15.2372713397,116.652609968,-0.8528338677,18.4655780854,146726.915048,2056011.97897,0.466234886,0.0606060606,8.575270332,1.63933554,2.6874210126,5.804742,12.105682,0.0323101477,0.4061478244,0.013302734,0.7918368531,0.0195959757,-1.1466035935,1.6311182675
1,16.2701330863,116.652609968,-0.8528338677,18.0808872403,151458.742794,2069227.03795,0.51202398,0.101010101,8.781446979,1.6308675229,2.6597288774,5.804742,11.852495,0.0465226446,0.391411164,0.0131656579,0.7472771802,-0.1364202304,-0.9394205008,1.6226926969
1,10.1057771597,10.5510873055,9.7817683696,0.1674422334,26151.6208393,2031727.60037,0.51857807,0.1313131313,8.581279752,1.5049380467,2.2648385244,5.734113,11.852495,0.044397217,0.3298033303,0.0112109507,0.5378377781,0.1019130948,-0.6480389584,1.4973944501
2,8.9992962125,10.690429049,-0.7073389561,2.9234359346,22920.655356,2030260.23175,0.537378572,0.1111111111,8.307550645,1.411758746,1.9930627569,5.734113,11.348516,0.0592427639,0.3163259004,0.0098656606,0.462604435,0.1430410327,-0.8259810937,1.4046822165
2,9.9704707338,10.0001558148,9.9445644841,0.0124625705,25449.0731441,2043635.66319,0.510419906,0.101010101,8.407867719,1.3086388325,1.7125355939,5.8963203,11.233594,0.02185501,0.2621578156,0.0084770512,0.3289720492,-0.0652947835,-0.9697747907,1.302079198
2,9.9697614892,9.9930576963,9.9445644841,0.0122694521,25445.451441,2039851.80371,0.472010892,0.101010101,8.52651244,1.3960482115,1.9489506089,5.9861026,12.291233,0.0286834596,0.2926106735,0.0096473055,0.4071009337,0.1117787966,-0.661250557,1.3890504321
2,9.9743789399,9.9998137344,9.9446913668,0.0122924924,25469.0269036,2035689.59935,0.526317354,0.1111111111,8.763023604,1.4629849193,2.1403248742,6.081272,12.291233,0.0489798784,0.3064362825,0.0105946081,0.4809113878,0.0401623862,-0.6392888471,1.4556516154
2,9.9740273093,9.9998137344,9.9461233328,0.012490179,25467.2324535,2037856.38403,0.56910179,0.1111111111,8.677430838,1.5743594152,2.4786075684,5.763442,12.562975,0.0244321182,0.281685942,0.0122691075,0.5073018693,0.0680064319,-0.7068236448,1.5664678397
2,9.9735181207,9.9988793227,9.9461233328,0.0103304033,25464.6196278,2036436.56909,0.565079448,0.1111111111,8.410363655,1.7604339763,3.099127785,5.763442,12.562975,0.0442192177,0.3236015431,0.0153406825,0.7080812329,0.2419442757,-1.0154085642,1.7516096903
2,9.9719811274,10.0057911246,9.9415372512,0.0118631433,25456.780375,2035631.53026,0.558734743,0.0909090909,8.637926578,1.8525374451,3.4318949854,5.6760535,12.599486,0.0310900674,0.3800766949,0.0169878802,0.9431546442,0.1123656766,-1.0100886682,1.8432514846
2,9.9694624323,10.0057911246,9.9415372512,0.0128524559,25443.9286721,2038750.23116,0.504853294,0.0808080808,8.751393815,1.8089326803,3.2722374418,5.6760535,12.599486,0.023979833,0.388884563,0.0161975753,0.9002572838,0.2052669911,-0.8964498232,1.7998652915
2,9.9728507734,10.0123890452,9.9400412221,0.0128089728,25461.2266542,2041039.94288,0.420523567,0.0808080808,8.62192738,1.566301284,2.4532997124,5.749077,12.523471,0.0217467964,0.3735490716,0.0121438336,0.670573292,0.1533691411,-0.8679631111,1.5584501003
2,9.9761239375,10.0123890452,9.9385314164,0.0122917114,25477.9391749,2045069.31143,0.463379776,0.101010101,8.77978906,1.3978407569,1.9539587817,6.196194,12.218808,0.0516617027,0.3044876131,0.009672096,0.4312890541,0.2009795663,-0.6255509543,1.3908339922
2,9.9804268093,10.0090091177,9.9385314164,0.0109020994,25499.9137667,2042459.16229,0.470993344,0.1313131313,8.584063067,1.3177268074,1.736403939,6.290765,12.218808,0.0163715638,0.2913614765,0.0085951995,0.3394692932,0.6814524896,-0.0635952113,1.3111216189
2,9.9903669923,10.0262395911,9.9573054549,0.0139804687,25550.7527919,2047151.82071,0.45233053,0.1414141414,8.255973617,1.1482587298,1.3184981105,6.290765,11.165958,0.0324465243,0.272758804,0.0065265656,0.2587894217,0.4742117762,-0.4789794587,1.1425030107
2,10.1144757906,11.0017374735,9.9387476016,0.2629631236,26207.1731513,2045643.68224,0.478930112,0.1212121212,8.528750955,1.2989765531,1.6873400855,6.14831,11.468226,0.0131342249,0.3002327591,0.0083523334,0.3567141772,0.2066247349,-0.8511243628,1.2924653514
2,10.2618424058,11.0017374735,9.9112075108,0.3224990072,26984.810284,2047958.71203,0.457891092,0.101010101,8.605856242,1.4598336475,2.1311142783,6.14831,11.468226,-0.0009920065,0.3542356595,0.0105490157,0.5193877031,0.0296982383,-0.9948911627,1.4525161395
2,10.4336328986,10.953565756,9.9112075108,0.2775677779,27888.0612695,2037884.92617,0.465756056,0.0909090909,8.665609584,1.5444226427,2.3852412993,6.053739,11.906365,0.0387088851,0.3856691787,0.0118069444,0.6761686297,-0.0958211906,-1.0750773859,1.5366811271
2,10.7472486453,13.4952015754,9.8731685604,0.8092062358,29736.491053,2029485.20212,0.542909202,0.0606060606,8.910105411,1.7851500443,3.1867606805,5.3115363,12.375628,0.027993345,0.3527463533,0.0157744654,0.7930768663,-0.2039395474,-0.8893235029,1.7762018674
2,11.2917877654,13.4952015754,9.8731685604,1.2059242835,33013.4334252,2039589.97722,0.550438966,0.0707070707,8.586487137,1.9229966042,3.6979159396,5.3115363,12.375628,0.0375137546,0.4011216326,0.0183046839,1.0752735313,0.0460269723,-1.1025935335,1.9133574627
2,11.8520784553,14.28835917,9.7788669551,1.2717054253,36374.7835902,2041500.04082,0.514986808,0.1111111111,8.283333384,1.6319616666,2.6632988812,5.4539914,11.684303,0.0657327971,0.3677724954,0.0131833295,0.718172238,0.198949519,-0.9847822977,1.6237813561
2,12.2132459131,14.5120369338,9.7788669551,1.4632395026,38733.9380672,2105745.88318,0.46006982,0.1212121212,8.518031022,1.3853038691,1.9190668097,5.701193,11.346122,0.0362363951,0.3094573188,0.0094993807,0.4373590974,-0.0654136477,-0.96636472,1.3783599463
2,12.6753304008,16.1701985106,9.9004826793,1.862152326,42017.6926857,2104990.48229,0.456879583,0.0808080808,8.580920716,1.3401067571,1.7958861204,5.787384,11.399393,0.0396696547,0.3007951524,0.0088896363,0.3908060192,-0.2356488919,-0.914018302,1.3333893877
2,12.5539581029,16.1701985106,9.9004826793,1.8260602087,41199.7081437,2043869.21862,0.510491654,0.101010101,8.666633054,1.2432652037,1.5457083667,5.787384,11.399393,0.0414629105,0.2737616123,0.0076512564,0.3011332587,-0.3553174451,-0.739859831,1.2370332586
2,12.0269115579,14.3398402734,9.799867749,1.341048774,37489.9234395,2002766.97609,0.504565981,0.1313131313,8.585876594,1.1449086572,1.3108158333,6.0465565,10.955269,0.0203006441,0.2621378245,0.0064885384,0.2386624075,-0.2338771877,-0.8532118531,1.1391697306
2,11.7879073184,13.9461422074,9.799867749,1.2077926067,35945.8616134,1988850.02601,0.542454311,0.1616161616,8.354189771,1.4250992105,2.0309077597,5.6999955,11.67712,0.0457533444,0.3050335457,0.0100529934,0.4423680601,0.3554282559,-0.6223840868,1.4179558111
2,11.8992850785,15.108773334,9.8534632201,1.484998849,36812.3409822,1956518.74275,0.595330292,0.1313131313,8.777424836,1.7531284516,3.0734593679,5.6999955,12.372636,0.017995941,0.3502485931,0.0152136239,0.7588736629,0.1631766584,-1.1000798468,1.744340785
2,12.2271213408,15.4616248671,9.8534632201,1.834873301,39134.529616,2002283.09067,0.530082279,0.0606060606,8.900893764,1.7755873509,3.1527104407,5.229535,12.372636,0.0197640603,0.3217769997,0.0156059167,0.757540023,-0.1374464993,-1.0708616723,1.7666871076
2,12.6886235499,16.3550016118,9.8755746822,1.9987937701,42239.0640962,1980905.24378,0.470640164,0.0606060606,8.705281438,1.7153222283,2.9423303469,5.229535,11.870452,0.0328940245,0.3559106902,0.0145645352,0.7669916268,-0.2148351267,-1.159523602,1.7067240678
2,13.7183050063,20.2943772564,9.8668544913,2.4837261896,49756.3617363,2086674.67812,0.461254916,0.101010101,8.801504436,1.4337886041,2.0557497613,5.78499,11.870452,0.0388296993,0.2959989365,0.0101759613,0.4246485144,-0.2114476976,-0.7294197891,1.4266016486
2,14.8945944826,20.7040098738,9.8668544913,3.270421445,59531.4179146,2256600.59883,0.224414528,0.0707070707,8.865321902,1.1220587797,1.259015905,6.8486137,11.022306,0.0378349273,0.2515037826,0.0123383559,0.2911435623,-0.0864061275,-0.7679056662,1.1107815208
2,15.1959830719,20.7040098738,9.8139423935,3.2910098304,61887.6536899,2057041.17838,0,0,5.3874027608,6.2988310588,39.6752727079,-1.7788919,19.607914,0.1816175281,0.2886834614,0.1963925999,9.3875912546,0.8045873154,-0.2396136567,6.267257772
2,14.7960040445,21.0365145176,9.7300792994,3.3285734856,58880.2911061,2047442.21201,1.8815612634,0.0909090909,6.8795710576,7.4220706172,55.0871322471,-5.6389437,19.607914,0.0257002548,0.4741044239,0.2726813046,18.0622066439,0.362963773,-0.9026902738,7.3848670215
2,15.2188838428,21.7699297415,9.7300792994,3.9117339524,63210.5185115,2041602.67208,2.4361661386,0.1111111111,5.7106439993,8.478272703,71.8811080269,-7.6985555,19.607914,0.0236321272,0.4512948273,0.3558114847,23.1082777684,0.4934651598,-1.1025069982,8.4357748279
2,16.5837816137,23.6460108723,9.8034650269,4.1724754898,74862.429267,2028027.22915,2.4528896294,0.101010101,5.9247754211,8.3957068498,70.4878935071,-7.780557,19.607914,0.0281801614,0.4526624109,0.3489150729,21.9147174234,0.5402706053,-1.0339240566,8.3536228411
2,16.9710571347,23.6460108723,9.8034650269,4.0294546194,77888.8409084,2029192.00694,2.0043718592,0.0808080808,6.3629382749,7.9080980913,62.5380154224,-7.780557,19.607914,0.0151276221,0.415676025,0.3095631763,17.8426423203,0.6234545201,-0.996019132,7.8684582523
2,16.6117475233,22.5059432112,9.6285374066,3.8891422695,74515.3493432,2039345.58976,1.352729995,0.0606060606,6.5334472803,7.3354102747,53.8082438987,-4.7668557,19.607914,0.0226493622,0.3502066285,0.2663508073,12.5509485575,0.4979653985,-1.0141599141,7.2986410694
2,16.2461471467,23.5445061653,9.6285374066,4.4635358968,72668.2751522,2042516.69956,1.1172602382,0.0505050505,7.3475118073,7.2489482876,52.5472512764,-4.7668557,19.607914,0.0461889135,0.4924678831,0.2601088938,18.1343541457,0.3938801639,-1.1142215727,7.2126124784
2,15.6182158508,23.5445061653,9.7371414697,4.2862053521,67148.8570067,2048821.05704,1.2657665921,0.0606060606,7.3414485201,7.66287032,58.7195815408,-3.7343562,19.607914,-0.0067923786,0.4341511703,0.2906619286,18.5209250168,0.4494077695,-1.2141939661,7.6244597006
2,16.1094909202,21.6816752025,9.5648722291,3.7784886704,70090.9246315,2036726.21865,1.0715070006,0.0505050505,6.1298506544,7.281358951,53.018188174,-4.1437645,19.607914,0.0400006855,0.4497739178,0.2624400315,17.0585336522,0.561020711,-0.9333528731,7.2448606814
2,17.3342034551,24.7697964865,9.5648722291,4.3823467472,81837.9705439,2040971.68653,1.0333134947,0.0505050505,6.0438988222,6.8697288235,47.1931741088,-4.2610803,19.607914,0.0201820814,0.4851074778,0.2336062118,15.233396607,0.6348922592,-0.7363374002,6.8352938757
2,17.3114426067,24.7697964865,9.6091329132,4.3463477498,81555.6566754,2036063.22235,1.187661745,0.0505050505,6.405704646,7.7513157128,60.0828952791,-4.2610803,19.607914,0.0034927427,0.4174310782,0.2974103316,17.6380299801,0.5159361968,-1.1634905826,7.7124617553
2,16.1028746321,22.2378152274,9.6091329132,4.2046077317,70907.2121839,2037633.85497,1.16341444,0.0505050505,7.3084563724,7.2029536449,51.8825412111,-2.918532,19.607914,0.0441324592,0.4234006879,0.256818579,15.4395060945,0.3581601486,-1.2141033712,7.1668483868
2,15.9244969164,22.2378152274,9.6994614542,4.2081631474,69452.3492134,2046435.79885,1.116751444,0.0505050505,6.0754784252,6.6635546368,44.4029603972,-3.4326868,19.607914,0.0071080754,0.4760527835,0.219794654,14.5368498516,0.7797850963,-0.6097554512,6.6301531501
2,17.5396481042,25.7282173629,9.7303607924,4.4899422837,83916.5023568,2044354.92011,1.153550353,0.0505050505,5.5274217103,7.3266781168,53.6802122268,-3.4326868,19.607914,0.0276812635,0.4205031379,0.2657170505,15.9510491099,0.6985059004,-0.8621108927,7.2899526819
2,17.8138725103,25.7282173629,9.7303607924,4.5893476932,86629.4185117,2042003.94095,1.137251827,0.0505050505,7.3243838402,7.6170857369,58.0199951239,-2.8832173,19.607914,0.0336282155,0.4239580323,0.2871989759,17.8525930583,0.3955253587,-1.2688661652,7.5789046156
2,16.18332066,22.4321376742,9.8064488336,3.9220378515,70984.255614,2056011.97897,1.144787575,0.0505050505,6.0788482969,8.302051574,68.924060337,-4.611831,19.607914,0.0052864991,0.4242665328,0.3411740987,20.5617790413,0.6501212533,-1.0755571264,8.2604370183
2,15.4093815919,23.062562956,9.4599949818,4.0598489125,65006.4420448,2069227.03795,1.070022632,0.0505050505,4.602014862,8.0623793474,65.0019607406,-5.125387,19.607914,0.046616246,0.408986966,0.3217597057,18.9721038901,0.8335258471,-0.5784215826,8.0219661638
2,15.8315208642,23.062562956,9.4599949818,4.5403727365,69440.5215894,2031727.60037,1.1209293518,0.0505050505,6.5823129922,8.3051540894,68.9755844485,-5.125387,19.607914,0.0462240725,0.4731663443,0.341429143,22.6561186029,0.519913268,-1.1710969549,8.2635239822
3,8.9927739011,10.6631010034,-0.7069764837,2.9212269409,22887.3086149,2030260.23175,1.350712871,0.0606060606,6.7979108734,8.7087384022,75.8421245583,-4.0641575,19.607914,-0.0013000072,0.43127673,0.3754185166,22.911390244,0.4950708067,-1.4096112826,8.6650853033
3,9.9652177189,9.9879782322,9.9501317828,0.0075391912,25422.2389823,2043635.66319,1.2185529286,0.0505050505,6.3237750717,8.182785131,66.9579725,-4.6884456,19.607914,0.0402171217,0.4362387484,0.3314419639,21.1258890111,0.58460844,-1.1398223307,8.1417684059
3,9.9629024188,9.9992633932,9.9402299775,0.00905698,25410.4336988,2039851.80371,1.0681910574,0.0404040404,5.4675905884,7.7342937405,59.8192996647,-5.671265,19.607914,-0.0019086671,0.4965221705,0.2961055333,19.999386635,0.7543760247,-0.691431954,7.6955251067
3,9.9641575773,9.9992633932,9.9402299775,0.0096688778,25416.8396065,2035689.59935,1.170992098,0.0505050505,5.8415829243,8.623920334,74.3720019265,-5.671265,19.607914,0.0286093963,0.4426774378,0.3681414095,23.5818595579,0.5873867704,-1.162016794,8.5806923909
3,9.964427415,9.9863183668,9.9389178163,0.0102732785,25418.2193278,2037856.38403,1.221348163,0.0606060606,7.3223787032,8.1158186721,65.866512719,-3.57993,19.607914,0.0506746684,0.4396780384,0.326039238,20.6934728667,0.4407774772,-1.2927986569,8.0751376206
3,9.9640527612,9.9863183668,9.9388955842,0.0099701729,25416.3063891,2036436.56909,1.255980283,0.0505050505,5.2171331948,7.8204292337,61.1591134001,-6.1716533,19.607914,-0.0035292904,0.4288316636,0.3027376113,17.9993889966,0.8146934563,-0.6202774275,7.7812288404
3,9.9644715079,9.9849498563,9.9388955842,0.0080669602,25418.4339221,2035631.53026,1.5911086702,0.0606060606,5.3760722978,8.3526373732,69.7665510885,-6.1716533,19.607914,0.0673173463,0.3300985824,0.3453444279,16.3004651169,0.6915197295,-0.9221740572,8.3107692531
3,9.9643649051,9.9849498563,9.9433981579,0.0080769675,25417.890099,2038750.23116,2.0547578212,0.0909090909,7.2629605802,8.0303885753,64.4871406701,-5.3396683,19.607914,0.0131638711,0.3922812936,0.3192113463,17.4302840526,0.4291501945,-1.1906944589,7.9901357475
3,9.9666671708,9.9844769803,9.9433981579,0.0086107212,25429.6393315,2041039.94288,2.2926576764,0.101010101,6.4399657333,8.1236230297,65.9932511284,-5.3396683,19.607914,0.0175793932,0.4502244931,0.3266665931,21.229770342,0.553727459,-1.1351475539,8.0829028583
3,9.96402498,9.9844769803,9.9338767374,0.0105367036,25416.167635,2045069.31143,2.3608026624,0.101010101,6.0010068157,8.3442616423,69.6267023547,-4.741118,19.607914,0.0231745217,0.4373074733,0.3446521767,21.6008674077,0.6170913575,-1.1410946852,8.302435506
3,9.9613345473,9.983237526,9.9338767374,0.0092279338,25402.4374064,2042459.16229,2.3733482714,0.101010101,5.9748680915,7.9636450789,63.4196429421,-4.741118,19.607914,0.0235310974,0.4228105269,0.3139272326,18.7583759123,0.6831055099,-1.0026910386,7.923726807
3,9.9664971671,9.9938258772,9.9388003921,0.0090127642,25428.7736351,2047151.82071,2.3103388482,0.101010101,6.5928474781,7.7981533401,60.8111955155,-5.9597664,19.607914,0.0271203582,0.4276441193,0.3010154178,18.13068842,0.5774897366,-1.0705808024,7.759064606
3,9.9669539623,9.9938258772,9.9450776242,0.010098247,25431.1099546,2045643.68224,2.2765985608,0.101010101,6.5287487579,8.0022401685,64.0358477144,-5.9597664,19.607914,0.0079213832,0.4152569293,0.3169774462,19.135072384,0.5586878968,-1.0309913528,7.9621284364
3,9.9632153468,9.985877825,9.9368688243,0.0109376866,25412.0395981,2047958.71203,2.610074955,0.1111111111,6.4767586668,8.2233603952,67.6236561887,-5.7257333,19.607914,0.027784135,0.4153393761,0.3347370981,19.6015057208,0.5795525649,-1.0919246764,8.182140284
3,9.9638420793,9.985877825,9.9368688243,0.010238945,25415.232977,2037884.92617,2.8896877736,0.1212121212,6.2104635385,8.3219148419,69.2542666362,-10.897807,19.607914,0.0201722678,0.4054046431,0.3428086198,19.7030905175,0.5099705764,-1.0238745197,8.2802007204
3,9.9657949214,9.9894795692,9.9440859382,0.0085516006,25425.1882354,2029485.20212,2.5169404966,0.1111111111,6.78664615,8.5584446882,73.2469754812,-10.897807,19.607914,0.0189777952,0.4429194696,0.3625725286,23.0615757502,0.3750276192,-1.2499774517,8.5155449459
3,9.9656951187,9.9894795692,9.9486079661,0.0078366912,25424.675997,2039589.97722,2.235035228,0.101010101,7.2144061909,8.3837856013,70.287861009,-4.155137,19.607914,0.0182305041,0.4667805459,0.347924912,23.0901180534,0.4098485343,-1.3709601589,8.3417613487
3,9.9642896086,9.9832044224,9.944555655,0.0071734091,25417.5024285,2041500.04082,2.4047003245,0.101010101,6.6209913261,8.4900777559,72.0814203011,-5.085284,19.607914,0.0115129939,0.4372310864,0.3568030305,22.5031875956,0.5125730912,-1.2840472245,8.4475207072
3,9.9633744193,9.9797195964,9.944555655,0.0079085201,25412.8364451,2105745.88318,2.4481790247,0.101010101,6.3576590749,8.6492606195,74.8097092634,-5.7664347,19.607914,0.0088913661,0.429832408,0.3703080609,23.0714397625,0.5228075185,-1.3030864111,8.6059056566
3,9.9640898479,9.9808838806,9.94183807,0.0091937742,25416.4917816,2104990.48229,2.3318926492,0.101010101,6.9279399473,8.3733774468,70.1134498661,-5.7664347,19.607914,0.0291842067,0.4750110826,0.3470615768,23.086453484,0.4414332386,-1.3144264597,8.3314053657
3,9.9641846116,9.9808838806,9.94183807,0.0084838707,25416.9720192,2043869.21862,2.234658147,0.101010101,7.0221697728,8.1387877391,66.2398658621,-3.5978866,19.607914,0.0288507982,0.4815203199,0.327887336,22.4450335886,0.534653653,-1.2564428546,8.0979915537
3,9.9661062147,9.9887225101,9.9464342658,0.0079275399,25426.7739978,2002766.97609,2.3111708484,0.101010101,6.8067814236,8.032763139,64.5252836478,-3.5978866,19.607914,0.023484227,0.4472632272,0.3194001541,20.3070812876,0.604562057,-1.1922468203,7.9924984086
3,9.9671976044,9.9887225101,9.9405066318,0.0090369253,25432.3480961,1988850.02601,2.4227526144,0.101010101,6.3042982906,8.5118166909,72.4510233797,-4.969764,19.607914,0.0122774954,0.417358747,0.3586325657,21.5775336831,0.5322316599,-1.2408515048,8.4691506744
3,9.9652520746,9.9887207011,9.9405066318,0.0096726355,25422.4236725,1956518.74275,2.199259866,0.101010101,6.6978631448,8.1727394542,66.7936701859,-4.969764,19.607914,0.0095145481,0.4025400229,0.3306286674,19.4836180739,0.3444195516,-1.2385299534,8.1317730837
3,9.9644826182,9.9887207011,9.9434409355,0.0098592492,25418.4988297,2002283.09067,2.187923326,0.101010101,7.5634568367,7.9460442365,63.1396190086,-5.37199,19.607914,0.0280216241,0.4917686869,0.3125411141,21.8400452826,0.2049184024,-1.2475083963,7.90621419
3,9.9650613367,9.9888205731,9.9434409355,0.0099857749,25421.452073,1980905.24378,2.4846546748,0.101010101,6.6284791751,8.5150003741,72.5052313712,-6.0944405,19.607914,0.0209595029,0.4436737771,0.3589008953,22.7981936138,0.4009849715,-1.2812933567,8.4723183992
3,9.9669896038,9.9914403948,9.9468348308,0.0095954132,25431.2893016,2086674.67812,2.5519975878,0.101010101,5.9400803762,8.3640135554,69.9567227542,-6.0944405,19.607914,0.0190183819,0.4189083207,0.3462857776,20.403967855,0.5903403154,-1.1395258191,8.3220884114
3,9.9656238161,9.9914403948,9.939206464,0.0107654797,25424.3261285,2256600.59883,2.450980257,0.101010101,5.8246199599,8.1051855492,65.6940327866,-5.7598505,19.607914,0.008280842,0.4110801342,0.3251854623,19.2916111349,0.647775656,-1.0009389674,8.0645577969
3,9.9619669612,9.9840536471,9.939206464,0.0105130271,25405.6694427,2057041.17838,2.4284029225,0.101010101,6.3357341121,8.2112764898,67.4250615925,-6.3021374,19.607914,0.019317761,0.426759456,0.3337540549,20.5106424282,0.4995652337,-1.0894656304,8.17011695
3,9.9621401814,9.9925714894,9.9386317274,0.0099069316,25406.5497959,2047442.21201,2.397745172,0.101010101,6.4732211757,8.5291825695,72.7469553043,-6.3021374,19.607914,0.0269778735,0.4361762968,0.3600974288,22.3599236813,0.4597175853,-1.223926838,8.4864295055
3,9.9662932417,9.9925714894,9.9386317274,0.010240295,25427.7390957,2041602.67208,2.4609221785,0.101010101,5.8157434722,8.6524531536,74.864945576,-6.2303114,19.607914,0.0317525712,0.4386429885,0.3705814806,22.7029965574,0.6131730856,-1.1541731067,8.609082188
3,9.9662804295,9.9906725206,9.9421724734,0.0098496527,25427.6717095,2028027.22915,2.51239753,0.101010101,5.9434501798,8.8180624659,77.7582256525,-6.1728506,19.607914,0.020315774,0.4218560886,0.384903217,23.269198376,0.5508702875,-1.225962993,8.7738613732
3,9.9636303235,9.9869571989,9.9403220417,0.010784525,25414.1556555,2029192.00694,2.6401102202,0.1212121212,5.8869769411,8.9012154075,79.2316357315,-9.735423,19.607914,0.012104597,0.4111251766,0.3921965969,23.1367773369,0.3395290631,-1.1473975079,8.8565975055
3,9.9614013393,9.9869571989,9.9403220417,0.0098633596,25402.7811657,2039345.58976,2.6136123778,0.1212121212,5.6516448752,8.5777956508,73.5785782268,-9.735423,19.607914,0.0190663027,0.3987342998,0.3642139622,20.7521293071,0.4307470098,-1.0358733958,8.5347989106
3,9.9623522988,9.9798995546,9.9410148397,0.0075954471,25407.6213799,2042516.69956,2.4221600606,0.101010101,5.8008156284,8.4408046055,71.2471823878,-4.7818193,19.607914,0.0109479693,0.4318166605,0.3526735528,21.7837136732,0.6689446277,-1.1142283409,8.3984945415
3,9.9681939195,9.9905773534,9.9436544682,0.0091160941,25437.4331187,2048821.05704,2.3396858018,0.101010101,6.1376439117,8.3939820942,70.458935397,-4.7818193,19.607914,0.0200699108,0.4457056183,0.3487717302,22.133788312,0.6367845429,-1.1220245017,8.351906731
3,9.9694795987,9.9905773534,9.9436544682,0.009661414,25443.9979038,2036726.21865,2.3981701612,0.101010101,6.3476812091,8.3047139697,68.968274118,-7.3777328,19.607914,0.0175360642,0.4473627868,0.3413929569,21.7400875993,0.5442003331,-1.0598587542,8.2630860686
3,9.9632661255,9.9857460659,9.9430538789,0.0099774836,25412.2934878,2040971.68653,2.6256791774,0.101010101,5.929875028,8.4288432595,71.0453986936,-7.3777328,19.607914,0.0243581315,0.4082003824,0.3516747235,20.6568574908,0.5617006293,-1.0707277942,8.3865931526
3,9.961816985,9.9932095839,9.9430538789,0.0100560878,25404.9020843,2036063.22235,2.475006071,0.101010101,5.6854629945,8.370352216,70.0627962198,-4.471172,19.607914,0.0226235656,0.4259334613,0.3468108413,20.7549116988,0.6786228738,-1.0546454331,8.3283952991
3,9.9661589954,9.9976344535,9.9450838509,0.0100804539,25427.0532449,2037633.85497,2.3496157396,0.1212121212,6.2341361898,8.3444101815,69.6291812768,-5.093664,19.607914,0.0238670039,0.4328842942,0.3446644473,21.209978914,0.5651526618,-1.1534827518,8.3025833006
3,9.9650362824,9.9976344535,9.9455686009,0.0088372788,25421.318709,2046435.79885,2.0298640928,0.1616161616,7.0441244833,7.0595900934,49.8378122865,-5.093664,19.607914,0.0061567863,0.3996045998,0.2466971708,13.4383303936,0.5645644119,-0.6832207054,7.024203454
3,9.9623285343,9.9850998866,9.9450690179,0.0077277565,25407.5006829,2044354.92011,0.8183860302,0.0909090909,6.5153171194,5.1401509567,26.421151858,-0.87089086,19.607914,0.0102879871,0.2926990129,0.2589272882,6.8727482843,1.144897599,0.9780813417,5.088489837
3,9.9632232014,9.9796005317,9.9450690179,0.0081668354,25412.0661142,2042003.94095,0,0,6.5614055034,3.7342433128,13.9445731188,-1.525705,14.196419,0.1772551841,0.3849350694,0.0690256369,4.3593718009,-0.2342195203,-0.3495207596,3.7155251833
3,9.9647283985,9.9879015843,9.9424216207,0.0088848186,25419.7480951,2056011.97897,0.770549874,0.1212121212,7.38299381,2.5573956962,6.5402727468,2.0608091,15.570092,0.095087677,0.2599762746,0.0323743501,1.3071888922,0.8747180977,0.5868386776,2.5445765894
3,9.9656781921,9.9879015843,9.9424216207,0.0089689133,25424.5945012,2069227.03795,0.905876137,0.1818181818,7.701524398,2.1082814412,4.4448506352,2.0608091,15.570092,0.1135031234,0.2232129529,0.0220020106,0.7611742494,0.7181553224,2.5626828976,2.0977135479
3,9.9631410484,10.0298095647,9.750682354,0.0231524643,25411.7671901,2031727.60037,0.742878882,0.1515151515,8.356643806,2.1057837113,4.4343250386,3.7654808,14.4849205,0.0201933691,0.3127994389,0.0219499089,0.909032967,0.7673002711,1.2025339976,2.095228338
4,9.0089906456,10.6876390341,-0.7061497909,2.9267810597,22970.357715,2030260.23175,0.490063178,0.0808080808,7.690289572,2.0105150935,4.0421709411,3.7654808,14.4849205,0.032453617,0.3501159125,0.0200087462,0.9164340171,1.3581840406,2.5334076637,2.0004372601
4,9.9833712375,10.0179445617,9.950812594,0.0140803222,25514.9822775,2043635.66319,0.46481636,0.101010101,7.925992761,1.2937438638,1.6737731852,5.072715,11.146206,0.1207398651,0.2611855071,0.0082851773,0.3355927465,0.4712802136,-0.1074036736,1.2872588913
4,9.9838884738,10.0153741093,9.950812594,0.0150958338,25517.633777,2039851.80371,0.624868718,0.1515151515,8.649448674,1.8159351166,3.2976203476,5.932832,16.038757,0.0205494309,0.2512145407,0.0163232207,0.5881246015,1.6722387752,4.1408693382,1.8068326276
4,9.9874487022,10.0214354492,9.9518746865,0.0137211122,25535.8258809,2035689.59935,0.6444353,0.1212121212,7.738460908,2.2331967587,4.987167763,2.7060466,16.038757,0.0585617655,0.2754560353,0.0246864804,0.9483762361,1.3189030312,3.2670628997,2.2220027195
4,9.9898408778,10.0214354492,9.9519203697,0.0137426344,25548.0600637,2037856.38403,0.751090976,0.1111111111,7.569873228,2.7295909829,7.4506669341,2.7060466,15.905879,0.0648775405,0.2833761518,0.0368808013,1.4850698525,1.0766964025,1.3931849036,2.7159087364
4,9.9926347759,10.0276128326,9.9646622119,0.0139880534,25562.3540303,2036436.56909,0.730231506,0.2121212121,8.244990232,2.4006186157,5.7629697383,3.7391446,15.905879,0.0200964047,0.3263941351,0.0285267002,1.2082241363,0.8893981714,1.9987173359,2.388585364
4,9.9915548389,10.0276128326,9.9613447778,0.0139622891,25556.8289392,2035631.53026,0.584197192,0.1717171717,7.982950827,1.9281918622,3.7179238573,3.5110967,13.764864,0.0321544457,0.2816742541,0.0184037231,0.6788225994,0.9820620056,1.8579636143,1.9185266792
4,9.9884562114,10.0201645357,9.9610733287,0.0131851446,25540.9744216,2038750.23116,0.638395882,0.101010101,7.794580984,2.4669979844,6.086079055,3.5110967,13.764864,0.0367719305,0.2935843693,0.0301260913,1.3459661171,1.0247432915,0.2618746961,2.4546320018
4,9.9858125536,10.0141650478,9.9610733287,0.0117190131,25527.4469607,2041039.94288,0.638324086,0.1616161616,8.193963764,1.9615486859,3.8476732472,4.83928,13.51886,0.068509352,0.3233801512,0.0190459826,0.8286747613,0.7203616266,0.3502639538,1.9517162998
4,9.978847706,10.0105041749,9.951249091,0.0126622903,25491.8558393,2045069.31143,0.647667516,0.1818181818,8.262360174,1.8943418457,3.5885310283,2.5067291,13.0442095,0.0441274574,0.2718299388,0.0177632286,0.6543948148,-0.0239094902,1.6560089904,1.884846338
4,9.9777732238,10.0120142368,9.951249091,0.0125798001,25486.3658897,2042459.16229,0.602405109,0.1313131313,7.278163726,1.951476667,3.8082611818,2.5067291,13.0442095,0.0689824313,0.2688972045,0.0188508928,0.7309658115,0.5876992191,1.3777510418,1.9416947675
4,9.9793582425,10.0120142368,9.9479119526,0.0116409633,25494.4579697,2047151.82071,0.548290126,0.101010101,7.895131514,2.0703564382,4.2863757813,4.365228,13.731345,0.0934558764,0.3023631256,0.0212175601,0.9018496218,0.7610641814,0.4319701542,2.0599786464
4,9.9769507595,10.0188513564,9.9479119526,0.0133946867,25482.169824,2045643.68224,0.548882701,0.0909090909,8.999229577,1.9950702426,3.9803052729,5.5162406,14.170083,0.0273515537,0.2977383254,0.0197025111,0.8738393822,0.6668723564,0.0319730869,1.9850698275
4,9.9813131015,10.0188513564,9.9500004296,0.013721564,25504.4606748,2047958.71203,0.525126276,0.1313131313,8.044266314,1.9277737371,3.7163115816,3.6445735,14.170083,0.0220741913,0.3240355748,0.0183957423,0.7792460146,0.6671394314,1.1272764305,1.91811065
4,9.981171659,10.0180615208,9.9404679682,0.014440527,25503.7430312,2037884.92617,0.581749139,0.101010101,8.231486887,2.7642408615,7.6410275404,3.6445735,15.099033,0.1349926737,0.3538298367,0.0378230863,1.9586747917,0.8702422467,0.0589840846,2.7503849303
4,9.9795391676,10.0180615208,9.9404679682,0.0144958934,25495.4015046,2029485.20212,0.498730148,0.0303030303,8.842600868,2.6043021559,6.7823897191,4.0982747,15.099033,-0.0265205655,0.4464417987,0.0335728291,1.9818426413,0.5898466004,-0.2440431664,2.5912479275
4,9.9830505772,10.0182471678,9.9572427843,0.0116241781,25513.3270908,2039589.97722,0.298257671,0.0808080808,8.614259859,1.3338783377,1.7792314199,5.837662,11.052833,0.013718864,0.3884141972,0.0088071955,0.5107059214,0.0930774402,-0.8422278764,1.3271921887
4,9.9829636727,10.0182471678,9.955694488,0.0128941497,25512.890867,2041500.04082,0.263194588,0.101010101,9.106465889,1.8598978755,3.4592201072,6.8869214,13.77504,0.0681210661,0.3481293024,0.0171231395,0.8829393001,1.1426548635,0.347690047,1.8505750204
4,9.9818532655,10.0160942417,9.955694488,0.0140264254,25507.2233869,2105745.88318,0.389434882,0.101010101,8.498506272,2.2823835914,5.2092748584,2.918532,13.77504,0.0092854242,0.3959738937,0.0257859105,1.3216782053,0.4504184145,0.7952971199,2.2709430001
4,9.9850757618,10.0201420754,9.9498292927,0.0141115579,25523.6958991,2104990.48229,0.425503554,0.1212121212,7.500321644,1.6268313608,2.6465802766,2.918532,12.000338,-0.0162578382,0.3243269413,0.0131005724,0.6320146213,-0.4001977193,0.6322646492,1.6186767663
4,9.9859409329,10.0230352842,9.9403220217,0.0173962489,25528.1456497,2043869.21862,0.373932414,0.0808080808,6.849906817,1.76656389,3.1207479773,3.591901,10.449493,0.022060025,0.3610674205,0.0154477025,0.734432268,0.1497354938,-0.8417175978,1.7577088774
4,9.993346849,10.0453705977,9.9403220217,0.0243235114,25566.0986565,2002766.97609,0.642986806,0.0808080808,7.877330592,2.6954812694,7.2656192739,3.591901,17.043125,0.0973463853,0.351878884,0.0359648154,1.7835232961,0.7890229944,1.0422128865,2.68197
4,10.0303036147,10.1021515284,9.9605532902,0.0351006937,25755.7050012,1988850.02601,0.766515648,0.1616161616,9.09007753,2.1017898532,4.417520587,6.4978633,17.043125,0.0461938447,0.234941361,0.0218667269,0.7552713935,1.4931280395,2.5827772246,2.0912544994
4,10.032992526,10.1021515284,9.9410156424,0.0388973676,25769.5877201,1956518.74275,0.592145946,0.1515151515,8.117923934,1.921926738,3.6938023863,4.0043025,14.365211,0.0364732772,0.2925120783,0.0182843218,0.7270853409,1.1398274545,1.975396767,1.9122929594
4,9.9631374304,10.0735399709,9.8837011386,0.0550998177,25412.3887222,2002283.09067,0.682485113,0.0909090909,7.763522274,2.4022057382,5.7705924086,4.0043025,14.836868,0.03618502,0.2944772446,0.0285644324,1.2102849942,1.005634046,0.6495310235,2.3901645308
4,9.9178215926,9.9906680928,9.8491113462,0.0314015546,25181.2278273,1980905.24378,0.678235428,0.1111111111,8.225890455,2.1835672936,4.7679661257,4.0976763,14.836868,0.0493911299,0.28453746,0.0236014323,0.9133801623,0.5317465499,0.1890935071,2.1726220252
4,9.9081004511,9.979915365,9.8491113462,0.0317157584,25131.893872,2086674.67812,0.570765728,0.1212121212,8.34205112,2.0366008954,4.1477432073,4.4993033,15.466543,0.012283305,0.3068546583,0.0205313289,0.8520123611,0.8076946061,1.5258852633,2.0263923054
4,9.8957145672,9.9290869373,9.8549075747,0.0173376723,25068.919652,2256600.59883,0.550079772,0.1212121212,7.662905871,2.1171141312,4.4821722444,4.4993033,15.466543,0.0523419296,0.3091810359,0.0221867526,0.9831831759,1.2199064802,2.2677406442,2.1065019634
4,9.9028613809,9.9619976371,9.8645667099,0.0231898465,25105.2035321,2057041.17838,0.531812033,0.101010101,8.293436836,2.1993677145,4.8372183436,4.953005,15.692795,0.0644952909,0.3274658636,0.0239442308,1.041474126,1.2289661829,1.9368464831,2.1883432455
4,10.1755851239,13.788963859,9.4524207364,0.7665671097,26657.3203832,2047442.21201,0.627268868,0.0909090909,8.900720186,2.2565646258,5.0920839103,5.424064,15.692795,0.0520281496,0.2799045222,0.0252058154,1.0849663699,1.1986694227,0.9098804907,2.2452534537
4,10.2041310153,13.788963859,9.4524207364,0.7638506985,26805.1859629,2041602.67208,0.554766446,0.1212121212,7.774224341,1.7922414774,3.2121295131,5.424064,14.3813715,0.0483302856,0.26979759,0.0159000411,0.5995691184,1.5864753161,3.030344178,1.7832577542
4,9.9710245099,10.2991001441,9.4538691525,0.1033778811,25454.5962916,2028027.22915,0.60336875,0.1111111111,7.933498598,1.97369581,3.8954751505,4.2066126,14.830284,0.0977755918,0.3026332781,0.019282602,0.8200880199,0.8233704075,1.2114523895,1.9638025357
4,9.9821130924,10.0218740782,9.924165872,0.022446143,25508.6299184,2029192.00694,0.624168408,0.1414141414,8.397614603,1.8783251103,3.5281052201,4.2066126,14.830284,0.0380613517,0.279034167,0.0174641208,0.6821796976,0.5474810651,1.2600486162,1.8689098876
4,9.9951548308,10.0242406336,9.9608799646,0.0139544782,25575.2485938,2039345.58976,0.583544796,0.1414141414,8.097489397,2.1171176772,4.4821872592,4.895544,15.865776,0.0101680369,0.3131791832,0.0221868269,0.9332376591,1.4809084854,2.996169751,2.1065054917
4,9.9892331487,10.0242406336,9.9600014464,0.0149989,25544.9609896,2042516.69956,0.732793318,0.1111111111,8.013201553,2.6397579889,6.96832224,4.56275,15.865776,0.0608340908,0.3010569548,0.0344931951,1.5964748447,1.1571931447,0.977026408,2.626526036
4,9.9785203513,10.0088136318,9.9459643145,0.0125981515,25490.1829415,2048821.05704,0.79413877,0.1717171717,8.195047203,2.1719766098,4.7174823937,4.56275,15.658079,0.0435369314,0.2945535926,0.0233515378,0.9119255661,0.6493665702,0.5687540011,2.1610894405
4,9.9819479933,10.0121542122,9.9459643145,0.0136547323,25507.7048813,2036726.21865,0.820941885,0.1919191919,8.054746967,2.1637799691,4.6819437546,3.913921,16.288353,0.0277584645,0.2531859103,0.0231756216,0.8351263268,0.6778504609,1.6168489164,2.1529338859
4,9.9932466004,10.0305557075,9.961469523,0.0132555483,25565.4792513,2040971.68653,0.622672045,0.1212121212,7.11328697,1.9661813223,3.8658689923,3.913921,16.288353,0.061207053,0.2647450625,0.0191360515,0.7085111125,1.6891799724,5.2777495374,1.9563257148
4,9.9966796769,10.0305557075,9.9671250239,0.0132928487,25583.048003,2036063.22235,0.523725653,0.1111111111,7.868304489,1.952497379,3.8122460151,5.0505686,15.133749,0.1173522437,0.296453542,0.0188706178,0.8176546345,1.1575929626,1.9688637911,1.9427103631
4,9.9924156058,10.0274975235,9.9668172793,0.0148883781,25561.2393733,2037633.85497,0.621211536,0.1414141414,8.65428499,1.9555738518,3.8242690898,4.1138372,15.133749,0.0603767907,0.2548457643,0.018930132,0.734512729,1.0540335155,1.867623732,1.9457714149
4,9.993314674,10.0235239631,9.9668172793,0.0137266371,25565.8308081,2046435.79885,0.626825916,0.1313131313,7.492486597,1.7729390462,3.1433128616,3.915717,14.309545,0.0529044312,0.2609238119,0.0155593987,0.5576558869,1.1649851373,3.2310527557,1.7640520777
4,9.9936965393,10.0211601043,9.9652415768,0.0112746688,25567.7689952,2044354.92011,0.691014467,0.0909090909,7.81041864,2.1058702139,4.4346893577,3.915717,15.043367,0.1179573666,0.2887023087,0.0219517123,0.9257078145,1.1868158458,1.9437175974,2.095314407
4,9.990549156,10.0245346644,9.964899134,0.0132180133,25551.6792714,2042003.94095,0.552839136,0.1111111111,8.512829524,1.7681754277,3.1264443432,5.1397524,15.043367,0.0317404338,0.3086433081,0.0154758995,0.6565488916,1.3475889472,3.0587300716,1.7593123372
4,9.9907236088,10.0245346644,9.964899134,0.0129848014,25552.5700688,2056011.97897,0.526999712,0.1515151515,8.134749163,1.9534760439,3.8160686541,4.4562078,15.755044,0.0176450418,0.3094107977,0.0188895398,0.7612990736,1.3108292955,3.3756678252,1.9436841224
4,9.9942244428,10.0142037984,9.9668661578,0.0099613127,25570.4630887,2069227.03795,0.703913274,0.1414141414,7.839556068,2.5730659136,6.6206681959,4.4562078,15.755044,0.0320794917,0.3055518739,0.0327723076,1.4979861797,1.0780889167,0.7036242329,2.5601682589
4,9.9929734726,10.0558803526,9.7620267301,0.025895051,25564.2084808,2031727.60037,0.745362928,0.1717171717,8.329176335,2.2342169006,4.991725159,4.5687356,14.734516,0.0440896987,0.3150892561,0.0247090395,1.0201216213,0.6429997082,0.3217487526,2.2230177479
5,9.0050093246,10.6689883445,-0.7076066877,2.9252841686,22949.7549833,2030260.23175,0.693187283,0.1919191919,8.649059676,2.1271605013,4.5248117982,3.887585,14.387955,0.0235203496,0.296315593,0.0223978184,0.9417750269,0.6768116894,0.6813551968,2.1164979755
5,9.9849190948,10.0172563317,9.9567890358,0.013431919,25522.8901748,2043635.66319,0.517656347,0.1515151515,7.850324053,1.9930640037,3.972304123,3.887585,13.629592,0.0367926016,0.3068165061,0.0196629054,0.8268499724,1.0489943428,1.4578047836,1.9830736451
5,9.9816459137,10.0124138371,9.9533225141,0.0123501396,25506.1523639,2039851.80371,0.571041029,0.101010101,8.107485266,1.9655114266,3.8632351682,5.2744265,13.970765,0.0877830555,0.264220978,0.0191230141,0.7238301834,0.9048916701,0.4717760722,1.955659177
5,9.9800810789,10.0159739096,9.9511422697,0.0133387206,25498.1622431,2035689.59935,0.604960925,0.1515151515,8.548784532,1.8204425398,3.3140110408,5.2744265,13.970765,0.0193132085,0.2559473352,0.0164043547,0.571760167,0.7714415158,0.5379220273,1.8113174571
5,9.9732511043,10.0159739096,9.9511422697,0.0126773033,25463.2699654,2037856.38403,0.477936556,0.1313131313,8.218205103,1.5648559727,2.4487742152,5.7825956,12.144588,0.0011648129,0.3105864065,0.0121214324,0.5066641212,0.7765408571,-0.2824052772,1.5570120337
5,9.9653480545,9.9952315104,9.939217968,0.0102720781,25422.916445,2036436.56909,0.635157766,0.0606060606,8.047486535,2.0090796873,4.0364011899,4.6082397,14.358027,0.060323762,0.2809283441,0.0199801859,0.8682991121,0.7797902632,-0.1337939443,1.999009049
5,9.9706095999,10.006059537,9.939217968,0.0139568829,25449.7921507,2035631.53026,0.629980267,0.0909090909,8.336867698,1.7031137639,2.9005964929,4.6082397,14.358027,0.0819136756,0.3128531731,0.0143579526,0.6247719519,0.4091314974,1.0335717443,1.6945767991
5,9.9810072814,10.0084855104,9.9494040875,0.012522535,25502.8897705,2038750.23116,0.585699498,0.0909090909,8.477407292,1.8679941967,3.4894023188,3.7014358,15.6712475,0.0246686119,0.2914347176,0.0172725415,0.6696455969,1.0486818765,3.6231197616,1.8586307583
5,9.9893021939,10.0250915649,9.9583336597,0.0133489367,25545.3021477,2041039.94288,0.595581601,0.1111111111,7.390343978,2.0892819431,4.3650990376,3.7014358,15.6712475,0.0895784669,0.2722468035,0.0216072402,0.8566503043,1.5609545235,3.7618557067,2.0788092859
5,9.9913157285,10.0250915649,9.9583336597,0.0120218102,25555.5928348,2045069.31143,0.234033214,0.0707070707,6.58777768,1.2554406646,1.5761312624,4.6285906,9.403227,0.0145198126,0.2673967115,0.0154460864,0.3777670812,0.4202474602,-0.8572109645,1.2428228503
5,9.9849826305,10.019966072,9.9576411137,0.0106960583,25523.1980894,2042459.16229,0,0,0.8247246761,0.5726354846,0.3279113982,-0.6943185,3.1591492,0.0997788078,0.3252544785,0.0016231614,0.075336682,0.335417238,1.9780052584,0.5697651132
5,9.9782305248,10.0006535928,9.9522784343,0.0116993896,25488.6966479,2047151.82071,0.3013282305,0.0808080808,0.9972448675,0.8191695022,0.6710386733,-0.9959879,3.3476925,0.0537047441,0.2216413032,0.0033216414,0.1128687353,-0.3905753651,0.5357610051,0.8150633635
5,9.9744773099,10.0006535928,9.9450006033,0.0123004463,25469.5293201,2045643.68224,0.5806537539,0.1717171717,0.9515634979,1.1433164156,1.3071724263,-1.4706384,4.650737,-0.0167391059,0.2480203822,0.0064705035,0.2191724368,0.3269739275,0.4317636778,1.1375854702
5,9.9803723258,10.0411867718,9.9450006033,0.016781539,25499.6770255,2047958.71203,0.460476804,0.101010101,0.510449789,1.040908379,1.0834902535,-1.4706384,4.650737,0.0917289626,0.2498636982,0.0053632768,0.1914954611,1.5680468917,2.9326371396,1.0356907603
5,9.9881635755,10.0411867718,9.9464604748,0.0153807816,25539.4939337,2037884.92617,0.0641945329,0,0.0848205813,0.1658026113,0.0274905059,-0.23463176,0.66259533,0.0437262148,0.2374103224,0.000136078,0.0044517505,1.0467366873,2.28980013,0.1649715153
5,9.9783844086,10.0087899554,9.939348355,0.0172021759,25489.5235379,2029485.20212,0.029203276,0,0.0722450359,0.1180821585,0.0139433962,-0.13587095,0.41479546,0.0954089881,0.3354013772,6.90198110096899E-05,0.0034900027,0.8567820174,0.5772924995,0.1174902643
5,9.9827354395,10.0690681673,9.939348355,0.0254707891,25511.8478375,2039589.97722,0.032638955,0,0.0593522597,0.1352016639,0.0182794899,-0.18854338,0.41479546,0.0602440214,0.4761770933,9.04834750645376E-05,0.0058819049,0.5899250299,-0.1395872095,0.134523957
5,9.9873125509,10.0690681673,9.8894032286,0.0346533481,25535.388888,2041500.04082,0.0308133756,0,0.0417967761,0.0958645302,0.0091900081,-0.18854338,0.25019407,0.0393317403,0.3595642513,4.54905403100142E-05,0.0023191736,-0.1623022723,-0.5679904903,0.0953840032
5,9.9832263986,10.0756487596,9.8894032286,0.0444854094,25514.6977989,2105745.88318,0.0225473944,0,0.0360207644,0.063779049,0.0040677671,-0.10115502,0.19812019,0.063797733,0.3041599451,2.01354470786797E-05,0.0008636367,0.2509741433,-0.1671796515,0.0634593525
5,10.0384318443,10.2046620493,9.8895497826,0.0816367812,25798.8552852,2104990.48229,0.0209552505,0,0.0385945314,0.0585832129,0.0034319928,-0.10115502,0.18734628,0.1059352031,0.297128007,1.69883645181479E-05,0.0007879214,-0.2157593921,-0.3132491916,0.0582895608
5,10.1520788997,10.2707552532,9.9559616851,0.0889775179,26386.591484,2043869.21862,0.0322259554,0,0.0660081413,0.0537193947,0.0028857734,-0.061650693,0.18734628,0.0179328109,0.2371225746,1.42845781915278E-05,0.0004852354,-0.4243460954,-0.3795745699,0.0534501229
5,10.0575116103,10.2707552532,9.5507326528,0.2271146197,25908.5109356,2002766.97609,0.0435684856,0,0.0587716667,0.0746581081,0.0055738331,-0.15981296,0.24181437,0.0098473137,0.2581218455,2.75904738789611E-05,0.0010003219,-0.307658993,0.489002482,0.0742838796
5,9.6089091618,10.1576557964,9.1496219596,0.3452382674,23667.2831337,1988850.02601,0.0419942983,0,0.0175076002,0.1101313202,0.0121289077,-0.17776948,0.2777274,0.0573704112,0.2928244432,6.0038093006764E-05,0.002349787,0.3256504875,-0.4965721316,0.10957928
5,9.1041643775,9.5553941242,8.0334531229,0.3537976702,21250.8113419,1956518.74275,0.0480755708,0,-0.0172801508,0.1390041623,0.0193221571,-0.27114335,0.30705637,0.0337287889,0.3374601417,9.56446778325291E-05,0.0045681356,0.5001439455,-0.4929695688,0.1383073952
5,10.7439513731,39.8048660925,6.9316070643,5.4841536462,37250.1586744,2002283.09067,0.0545099871,0,-0.0156520939,0.1486604446,0.0220999278,-0.2825158,0.30705637,0.0031007795,0.3763909902,0.0001093946,0.0054963579,-0.0472166952,-0.9464282503,0.1479152747
5,11.3245479646,39.8048660925,6.9316070643,5.3109400357,40051.5764901,1980905.24378,0.0374273578,0,0.0197641349,0.108066672,0.0116784056,-0.2825158,0.17956513,0.0345123322,0.3017790659,5.78081077490368E-05,0.0023075718,-1.2582379662,1.0784919508,0.1075249811
5,10.001978846,10.6305012046,9.5444525224,0.1400536115,25615.1541377,2086674.67812,0.0254084657,0,0.0395043278,0.0736240373,0.0054204989,-0.17657238,0.19153613,0.0239804085,0.3846399941,2.68314694090498E-05,0.0013648885,-0.4497136934,-0.0030777845,0.0732549922
5,9.9822631123,10.0693087549,9.8710537791,0.0488308307,25509.8780912,2256600.59883,0.0223438872,0,0.0297240136,0.0823436248,0.0067804725,-0.17657238,0.19153613,-0.0285147565,0.4724038636,3.35633390997469E-05,0.0022555315,-0.184463717,-0.6778093838,0.0819308722
5,10.0027141872,10.0693087549,9.9386570356,0.0256228213,25614.0665956,2057041.17838,0.0242831904,0,0.0440413402,0.070727522,0.0050023824,-0.10115502,0.22325931,-0.0229006367,0.3753713573,2.47617927047343E-05,0.0013562062,0.0243779943,-0.3171309383,0.0703729958
5,9.9913841066,10.0256410214,9.9578458342,0.0154513951,25555.9667484,2047442.21201,0.0297180291,0,0.0819116256,0.0845422952,0.0071473997,-0.08499416,0.3226187,0.0854972241,0.3007367079,3.5379628438656E-05,0.0016639036,0.2815652167,-0.0580880863,0.0841185217
5,9.9929866908,10.0485010869,9.9578458342,0.0185604808,25564.1926385,2041602.67208,0.0284670588,0,0.0933738662,0.0714457098,0.0051044894,-0.08499416,0.3226187,0.0658593041,0.3303974094,2.52672227446294E-05,0.0012156386,0.3867326819,1.1304040915,0.0710875836
5,10.0065287245,10.078616322,9.9452124691,0.0343004172,25633.7391702,2028027.22915,0.0311665211,0,0.0661158803,0.0514416806,0.0026462465,-0.0676362,0.18076223,0.0696285501,0.2667659402,1.30989201911096E-05,0.0004994528,-0.2815636442,-0.3290449601,0.0511838259
5,10.0122739856,10.235943718,9.9187401072,0.0613894066,25663.8461495,2029192.00694,0.0437839641,0,0.0790146415,0.0776964335,0.0060367358,-0.12808979,0.28491,0.0343774995,0.2262724885,2.98818421035582E-05,0.0009202555,0.0706800206,-0.2069197999,0.0773069752
5,10.30646316,10.7897648668,9.9187401072,0.3314241442,27221.2543571,2039345.58976,0.0615668968,0,0.1098280172,0.0821633415,0.0067508147,-0.12808979,0.28491,0.0196132704,0.23973057,3.34165326606112E-05,0.0010611617,-0.3361178528,-0.2602192651,0.0817514925
5,10.2025519848,10.7897648668,9.3133537783,0.4809247423,26706.7790365,2042516.69956,0.0603398695,0,0.1316751084,0.075751039,0.0057382199,-0.04129998,0.29508537,0.0207723035,0.2275958786,2.84041885626613E-05,0.0009081314,-0.156583798,-0.4717731014,0.0753713322
5,9.5722489846,10.378194272,9.2034642805,0.3269238255,23484.1164317,2048821.05704,0.0519960767,0,0.1456452749,0.0725123177,0.0052580362,-0.038905777,0.30705637,0.0180573494,0.2400765438,2.60272792746424E-05,0.0009226545,-0.2695326936,-0.2386988635,0.0721488451
5,9.1574146529,9.4739407005,8.1263708527,0.2782808295,21487.5349365,2036726.21865,0.0523971033,0,0.149984765,0.1035938298,0.0107316816,-0.089782566,0.40821138,0.0270529629,0.2957544729,5.31218237688147E-05,0.0020940116,0.2667847216,0.0057405538,0.1030745592
5,10.970875838,50.7037213424,6.9334738682,6.9588578985,43209.1698957,2040971.68653,0.0420302101,0,0.1433468412,0.1031450313,0.0106388975,-0.089782566,0.40821138,0.0124976333,0.3661162864,5.26625425016481E-05,0.0025202226,0.4259116076,0.0753581194,0.1026280103
5,11.5644154763,50.7037213424,6.9334738682,6.8234675358,46155.6261174,2036063.22235,0.0305559993,0,0.1386721629,0.0705380426,0.0049756155,-0.020949265,0.30645782,0.0106322875,0.3457098434,2.46292965214845E-05,0.0012778817,-0.2329309683,-0.7011096185,0.0701844663
5,10.0698054835,12.450629124,9.0009092154,0.4520544614,26010.965942,2037633.85497,0.0318668252,0,0.1267011544,0.0636370705,0.0040496767,-0.020949265,0.30645782,0.040338258,0.332759451,2.00458998846263E-05,0.0008929852,-0.0073880201,-0.2644448607,0.0633180857
5,10.0006774983,10.1127421414,9.8997071093,0.0520465859,25604.1623736,2046435.79885,0.0406774873,0,0.1385285106,0.1058396651,0.0112020347,-0.09935937,0.40940848,0.0371100488,0.4146715363,5.54500718105352E-05,0.0030163495,0.3074605965,0.0947481311,0.1053091371
5,10.0192602671,10.1127421414,9.9382886855,0.035634793,25699.0326113,2044354.92011,0.0476685562,0,0.1715565229,0.1129900035,0.0127667409,-0.09935937,0.40940848,-0.0102143107,0.3929762579,6.31953673779449E-05,0.0034921011,-0.2217326992,-0.2904502941,0.112423634
5,10.0119650116,10.0803037507,9.9616154658,0.0251793477,25661.4598125,2042003.94095,0.041204211,0,0.1687612919,0.0731520526,0.0053512228,0.011372458,0.36990416,0.0132149806,0.325261907,2.64885528745837E-05,0.0011399397,0.258031511,-0.0783026486,0.0727853734
5,10.0328218861,10.098732513,9.9616154658,0.0358084789,25768.6520946,2056011.97897,0.0308133746,0,0.161357223,0.0784141977,0.0061487864,-0.090381116,0.2825158,0.0499438451,0.3371945378,3.04364926697774E-05,0.0014885285,-0.9490043514,0.7271998366,0.0780211416
5,10.12186428,10.5718548224,9.9444144214,0.1693444595,26235.0883966,2069227.03795,0.0375530526,0,0.1900876432,0.1685536547,0.0284103345,-0.12509704,0.57520694,0.0449322048,0.3980760628,0.0001406312,0.0076368371,0.3464754152,-0.2359236228,0.1677087689
5,10.2494337154,10.5718548224,9.7995064558,0.1994130448,26903.2082045,2031727.60037,0.0428322683,0,0.2342008098,0.1719865404,0.0295793701,-0.12509704,0.57520694,0.0415915218,0.4772948416,0.0001464179,0.0093307334,-0.0063772285,-0.5664059318,0.1711244471
